Sequence	Cluster	Representative	Copies
acromyrmex_echinatior_NW_011627112.1:221037-231037	5	True	2
cinara_cedri_CABPRJ010001327.1:0-14	5	False	2
anopheles_stephensi_NC_050201.1:16357813-16367813	28	True	2
anopheles_stephensi_NW_023405001.1:0-3545	28	False	2
aphis_craccivora_VUJU01015497.1:0-107	52	False	2
aphis_gossypii_NW_021006118.1:1221-11221	52	True	2
bemisia_tabaci_NW_017547116.1:2557591-2567591	55	True	2
bemisia_tabaci_NW_017547118.1:1876452-1886452	55	False	2
bemisia_tabaci_NW_017547204.1:793803-803803	58	True	2
bemisia_tabaci_NW_017547602.1:25919-35919	58	False	2
bombus_bifarius_NW_022884553.1:3041-13041	68	True	30
bombus_bifarius_NW_022884553.1:13899-14469	68	False	30
bombus_bifarius_NW_022884553.1:7592-14469	68	False	30
bombus_bifarius_NW_022884557.1:0-655	68	False	30
bombus_bifarius_NW_022884559.1:0-630	68	False	30
bombus_bifarius_NW_022884582.1:10402-14523	68	False	30
bombus_bifarius_NW_022884610.1:9199-13567	68	False	30
bombus_bifarius_NW_022885323.1:0-1022	68	False	30
bombus_bifarius_NW_022885339.1:0-2247	68	False	30
bombus_bifarius_NW_022885344.1:13295-16930	68	False	30
bombus_bifarius_NW_022885346.1:0-1049	68	False	30
bombus_bifarius_NW_022885402.1:0-4244	68	False	30
bombus_bifarius_NW_022885403.1:0-3176	68	False	30
bombus_bifarius_NW_022885409.1:11641-15474	68	False	30
bombus_bifarius_NW_022885411.1:0-1907	68	False	30
bombus_bifarius_NW_022885418.1:11554-14149	68	False	30
bombus_bifarius_NW_022885480.1:0-2009	68	False	30
bombus_bifarius_NW_022885496.1:0-1485	68	False	30
bombus_vancouverensis_nearcticus_NW_022881867.1:421072-422058	68	False	30
bombus_vancouverensis_nearcticus_NW_022881977.1:0-3338	68	False	30
bombus_vancouverensis_nearcticus_NW_022882137.1:45535-45802	68	False	30
bombus_vancouverensis_nearcticus_NW_022882180.1:0-1575	68	False	30
bombus_vancouverensis_nearcticus_NW_022882194.1:0-1143	68	False	30
bombus_vancouverensis_nearcticus_NW_022882383.1:41613-42854	68	False	30
bombus_vancouverensis_nearcticus_NW_022882515.1:47852-51629	68	False	30
bombus_vancouverensis_nearcticus_NW_022882577.1:0-3252	68	False	30
bombus_vancouverensis_nearcticus_NW_022882628.1:0-3399	68	False	30
bombus_vancouverensis_nearcticus_NW_022882859.1:0-1924	68	False	30
bombus_vancouverensis_nearcticus_NW_022882917.1:0-745	68	False	30
cyphomyrmex_costatus_NW_017274651.1:0-16	68	False	30
bombus_bifarius_NW_022884557.1:1513-11513	69	True	27
bombus_bifarius_NW_022884559.1:1488-11488	69	False	27
bombus_bifarius_NW_022884564.1:18211-22960	69	False	27
bombus_bifarius_NW_022885224.1:9477-15979	69	False	27
bombus_bifarius_NW_022885323.1:1880-11880	69	False	27
bombus_bifarius_NW_022885338.1:16157-23745	69	False	27
bombus_bifarius_NW_022885339.1:3105-13105	69	False	27
bombus_bifarius_NW_022885345.1:8864-14185	69	False	27
bombus_bifarius_NW_022885346.1:1907-11907	69	False	27
bombus_bifarius_NW_022885405.1:9485-18469	69	False	27
bombus_bifarius_NW_022885410.1:4875-14875	69	False	27
bombus_bifarius_NW_022885411.1:2765-12765	69	False	27
bombus_bifarius_NW_022885439.1:5781-13926	69	False	27
bombus_bifarius_NW_022885541.1:11162-21162	69	False	27
bombus_vancouverensis_nearcticus_NW_022881884.1:218463-223380	69	False	27
bombus_vancouverensis_nearcticus_NW_022881947.1:21125-31125	69	False	27
bombus_vancouverensis_nearcticus_NW_022881993.1:0-7974	69	False	27
bombus_vancouverensis_nearcticus_NW_022881993.1:0-8304	69	False	27
bombus_vancouverensis_nearcticus_NW_022882137.1:27892-37892	69	False	27
bombus_vancouverensis_nearcticus_NW_022882137.1:10247-20247	69	False	27
bombus_vancouverensis_nearcticus_NW_022882367.1:25896-35092	69	False	27
bombus_vancouverensis_nearcticus_NW_022882384.1:25507-35507	69	False	27
bombus_vancouverensis_nearcticus_NW_022882514.1:51422-61422	69	False	27
bombus_vancouverensis_nearcticus_NW_022882515.1:0-8892	69	False	27
bombus_vancouverensis_nearcticus_NW_022882515.1:0-9222	69	False	27
bombus_vancouverensis_nearcticus_NW_022882580.1:0-5595	69	False	27
bombus_vancouverensis_nearcticus_NW_022882664.1:0-7509	69	False	27
bombus_bifarius_NW_022884564.1:7353-17353	70	True	5
bombus_bifarius_NW_022885338.1:5299-15299	70	False	5
bombus_bifarius_NW_022885410.1:0-4017	70	False	5
bombus_bifarius_NW_022885483.1:14680-21189	70	False	5
bombus_vancouverensis_nearcticus_NW_022882514.1:62856-70215	70	False	5
bombus_bifarius_NW_022884599.1:75230-85230	71	True	10
bombus_bifarius_NW_022884841.1:0-1100	71	False	10
bombus_bifarius_NW_022884861.1:0-2728	71	False	10
bombus_bifarius_NW_022885495.1:20346-20850	71	False	10
bombus_bifarius_NW_022885512.1:13563-16794	71	False	10
bombus_vancouverensis_nearcticus_NW_022881837.1:2420695-2428486	71	False	10
bombus_vancouverensis_nearcticus_NW_022882249.1:0-3039	71	False	10
bombus_vancouverensis_nearcticus_NW_022882403.1:0-184	71	False	10
bombus_vancouverensis_nearcticus_NW_022882835.1:0-1669	71	False	10
bombus_vancouverensis_nearcticus_NW_022882857.1:23304-23609	71	False	10
bombus_bifarius_NW_022884648.1:3278-13278	75	True	20
bombus_bifarius_NW_022884861.1:4323-14323	75	False	20
bombus_bifarius_NW_022885480.1:14619-20552	75	False	20
bombus_bifarius_NW_022885495.1:8146-18146	75	False	20
bombus_bifarius_NW_022885496.1:2343-12343	75	False	20
bombus_bifarius_NW_022885519.1:7853-17853	75	False	20
bombus_vancouverensis_nearcticus_NW_022882194.1:1680-11680	75	False	20
bombus_vancouverensis_nearcticus_NW_022882235.1:11084-19056	75	False	20
bombus_vancouverensis_nearcticus_NW_022882248.1:0-6331	75	False	20
bombus_vancouverensis_nearcticus_NW_022882249.1:5227-15227	75	False	20
bombus_vancouverensis_nearcticus_NW_022882294.1:15670-25670	75	False	20
bombus_vancouverensis_nearcticus_NW_022882295.1:6921-16921	75	False	20
bombus_vancouverensis_nearcticus_NW_022882401.1:44429-54429	75	False	20
bombus_vancouverensis_nearcticus_NW_022882402.1:5085-15085	75	False	20
bombus_vancouverensis_nearcticus_NW_022882467.1:15486-25486	75	False	20
bombus_vancouverensis_nearcticus_NW_022882467.1:3289-13289	75	False	20
bombus_vancouverensis_nearcticus_NW_022882468.1:9084-18670	75	False	20
bombus_vancouverensis_nearcticus_NW_022882469.1:3264-13264	75	False	20
bombus_vancouverensis_nearcticus_NW_022882859.1:14198-22699	75	False	20
bombus_vancouverensis_nearcticus_NW_022882917.1:1603-11603	75	False	20
bombus_bifarius_NW_022884841.1:1958-11958	77	True	7
bombus_vancouverensis_nearcticus_NW_022882401.1:55287-58075	77	False	7
bombus_vancouverensis_nearcticus_NW_022882467.1:0-2431	77	False	7
bombus_vancouverensis_nearcticus_NW_022882469.1:0-2406	77	False	7
bombus_vancouverensis_nearcticus_NW_022882833.1:24233-26312	77	False	7
bombus_vancouverensis_nearcticus_NW_022882833.1:23708-26312	77	False	7
bombus_vancouverensis_nearcticus_NW_022882864.1:11895-14781	77	False	7
bombus_bifarius_NW_022884648.1:14136-23903	78	False	14
bombus_bifarius_NW_022884861.1:15181-18143	78	False	14
bombus_bifarius_NW_022884861.1:3586-13586	78	True	14
bombus_bifarius_NW_022885495.1:9488-19488	78	False	14
bombus_bifarius_NW_022885495.1:0-7288	78	False	14
bombus_vancouverensis_nearcticus_NW_022882237.1:0-7858	78	False	14
bombus_vancouverensis_nearcticus_NW_022882249.1:3897-13897	78	False	14
bombus_vancouverensis_nearcticus_NW_022882269.1:16280-24771	78	False	14
bombus_vancouverensis_nearcticus_NW_022882467.1:4628-14628	78	False	14
bombus_vancouverensis_nearcticus_NW_022882468.1:0-8226	78	False	14
bombus_vancouverensis_nearcticus_NW_022882666.1:0-8064	78	False	14
bombus_vancouverensis_nearcticus_NW_022882833.1:211-10211	78	False	14
bombus_vancouverensis_nearcticus_NW_022882834.1:0-9465	78	False	14
bombus_vancouverensis_nearcticus_NW_022882857.1:10291-20291	78	False	14
bombus_bifarius_NW_022884553.1:0-6734	79	False	6
bombus_bifarius_NW_022884610.1:0-8341	79	False	6
bombus_bifarius_NW_022885344.1:2437-12437	79	True	6
bombus_bifarius_NW_022885345.1:0-8006	79	False	6
bombus_bifarius_NW_022885439.1:0-4923	79	False	6
bombus_vancouverensis_nearcticus_NW_022882628.1:4833-14833	79	False	6
bombus_bifarius_NW_022884848.1:5862-14851	80	False	20
bombus_bifarius_NW_022885365.1:19195-29195	80	True	20
bombus_bifarius_NW_022885480.1:3761-13761	80	False	20
bombus_bifarius_NW_022885480.1:2867-12867	80	False	20
bombus_bifarius_NW_022885481.1:127-10127	80	False	20
bombus_bifarius_NW_022885481.1:10985-20985	80	False	20
bombus_vancouverensis_nearcticus_NW_022882296.1:9235-19235	80	False	20
bombus_vancouverensis_nearcticus_NW_022882666.1:9958-19958	80	False	20
bombus_vancouverensis_nearcticus_NW_022882666.1:8922-18922	80	False	20
bombus_vancouverensis_nearcticus_NW_022882772.1:31225-41225	80	False	20
bombus_vancouverensis_nearcticus_NW_022882772.1:32112-42112	80	False	20
bombus_vancouverensis_nearcticus_NW_022882772.1:42970-51031	80	False	20
bombus_vancouverensis_nearcticus_NW_022882833.1:12865-22865	80	False	20
bombus_vancouverensis_nearcticus_NW_022882833.1:13204-23204	80	False	20
bombus_vancouverensis_nearcticus_NW_022882835.1:4325-14325	80	False	20
bombus_vancouverensis_nearcticus_NW_022882856.1:10103-19012	80	False	20
bombus_vancouverensis_nearcticus_NW_022882880.1:3090-13090	80	False	20
bombus_vancouverensis_nearcticus_NW_022882880.1:13948-23198	80	False	20
bombus_vancouverensis_nearcticus_NW_022882892.1:5959-15959	80	False	20
bombus_vancouverensis_nearcticus_NW_022882917.1:14583-23367	80	False	20
bombus_bifarius_NW_022885365.1:30053-40053	81	True	9
bombus_vancouverensis_nearcticus_NW_022882296.1:0-7867	81	False	9
bombus_vancouverensis_nearcticus_NW_022882666.1:32662-39612	81	False	9
bombus_vancouverensis_nearcticus_NW_022882833.1:11054-21054	81	False	9
bombus_vancouverensis_nearcticus_NW_022882834.1:10323-20323	81	False	9
bombus_vancouverensis_nearcticus_NW_022882835.1:2512-12512	81	False	9
bombus_vancouverensis_nearcticus_NW_022882856.1:0-9245	81	False	9
bombus_vancouverensis_nearcticus_NW_022882857.1:0-9433	81	False	9
bombus_vancouverensis_nearcticus_NW_022882917.1:3725-13725	81	False	9
bombus_bifarius_NW_022885401.1:6286-16286	82	True	2
bombus_vancouverensis_nearcticus_NW_022882562.1:578628-588628	82	False	2
bombus_bifarius_NW_022885401.1:17144-19742	83	False	5
bombus_bifarius_NW_022885402.1:5102-15102	83	True	5
bombus_bifarius_NW_022885403.1:4034-14034	83	False	5
bombus_vancouverensis_nearcticus_NW_022882515.1:36475-46475	83	False	5
bombus_vancouverensis_nearcticus_NW_022882664.1:8886-18886	83	False	5
bombus_bifarius_NW_022885454.1:15783-25783	87	True	2
bombus_vancouverensis_nearcticus_NW_022882269.1:5422-15422	87	False	2
bombus_bifarius_NW_022885405.1:0-8627	90	False	5
bombus_bifarius_NW_022885541.1:304-10304	90	True	5
bombus_vancouverensis_nearcticus_NW_022882515.1:10326-20326	90	False	5
bombus_vancouverensis_nearcticus_NW_022882515.1:9735-19735	90	False	5
bombus_vancouverensis_nearcticus_NW_022882577.1:4686-14686	90	False	5
bombus_vancouverensis_nearcticus_NW_022882008.1:43924-53924	96	True	2
bombus_vancouverensis_nearcticus_NW_022882008.1:44254-54254	96	False	2
bombus_vancouverensis_nearcticus_NW_022882008.1:55301-65301	97	True	2
bombus_vancouverensis_nearcticus_NW_022882008.1:54767-64767	97	False	2
bombus_vancouverensis_nearcticus_NW_022882137.1:16458-26458	98	True	3
bombus_vancouverensis_nearcticus_NW_022882137.1:34101-44101	98	False	3
bombus_vancouverensis_nearcticus_NW_022882137.1:0-8813	98	False	3
bombus_vancouverensis_nearcticus_NW_022882160.1:35637-45637	100	True	3
bombus_vancouverensis_nearcticus_NW_022882231.1:10658-16829	100	False	3
bombus_vancouverensis_nearcticus_NW_022882231.1:11249-16829	100	False	3
bombus_vancouverensis_nearcticus_NW_022882231.1:145-10145	102	True	2
bombus_vancouverensis_nearcticus_NW_022882231.1:0-9815	102	False	2
bombus_vancouverensis_nearcticus_NW_022882248.1:7189-17189	105	True	2
bombus_vancouverensis_nearcticus_NW_022882249.1:16085-26085	105	False	2
bombus_vancouverensis_nearcticus_NW_022882294.1:4812-14812	106	True	4
bombus_vancouverensis_nearcticus_NW_022882295.1:0-6063	106	False	4
bombus_vancouverensis_nearcticus_NW_022882835.1:15168-25168	106	False	4
bombus_vancouverensis_nearcticus_NW_022882857.1:12446-22446	106	False	4
bombus_vancouverensis_nearcticus_NW_022882383.1:30236-40236	108	True	2
bombus_vancouverensis_nearcticus_NW_022882384.1:14073-24073	108	False	2
bombus_vancouverensis_nearcticus_NW_022882403.1:1911-11911	110	True	4
bombus_vancouverensis_nearcticus_NW_022882403.1:1042-11042	110	False	4
bombus_vancouverensis_nearcticus_NW_022882859.1:3340-13340	110	False	4
bombus_vancouverensis_nearcticus_NW_022882859.1:2782-12782	110	False	4
bombus_vancouverensis_nearcticus_NW_022882574.1:8559-18559	113	True	2
bombus_vancouverensis_nearcticus_NW_022882902.1:0-4764	113	False	2
bombus_vancouverensis_nearcticus_NW_022882666.1:20816-30816	114	True	3
bombus_vancouverensis_nearcticus_NW_022882666.1:21804-31804	114	False	3
bombus_vancouverensis_nearcticus_NW_022882892.1:0-5101	114	False	3
bombus_vancouverensis_nearcticus_NW_022882574.1:0-7182	120	False	3
bombus_vancouverensis_nearcticus_NW_022882858.1:14119-19003	120	False	3
bombus_vancouverensis_nearcticus_NW_022882902.1:6141-16141	120	True	3
camponotus_floridanus_NW_020229231.1:459279-469279	124	True	2
camponotus_floridanus_NW_020229618.1:2017-12017	124	False	2
camponotus_floridanus_NW_020229252.1:317396-327396	127	True	2
camponotus_floridanus_NW_020229537.1:71098-72325	127	False	2
camponotus_floridanus_NW_020229252.1:396892-406892	129	True	2
cyphomyrmex_costatus_NW_017275977.1:0-5034	129	False	2
camponotus_floridanus_NW_020229252.1:407804-417804	130	True	13
camponotus_floridanus_NW_020229252.1:444592-454592	130	False	13
camponotus_floridanus_NW_020229290.1:16187-26187	130	False	13
camponotus_floridanus_NW_020229290.1:29975-39975	130	False	13
camponotus_floridanus_NW_020229320.1:267837-277837	130	False	13
camponotus_floridanus_NW_020229332.1:95790-105790	130	False	13
camponotus_floridanus_NW_020229362.1:110567-120567	130	False	13
camponotus_floridanus_NW_020229362.1:88303-98303	130	False	13
camponotus_floridanus_NW_020229409.1:33860-43860	130	False	13
camponotus_floridanus_NW_020229495.1:49413-59413	130	False	13
camponotus_floridanus_NW_020229517.1:21571-31571	130	False	13
camponotus_floridanus_NW_020229616.1:38877-43883	130	False	13
camponotus_floridanus_NW_020229676.1:0-5312	130	False	13
camponotus_floridanus_NW_020229320.1:149189-159189	143	True	2
camponotus_floridanus_NW_020229461.1:109936-111353	143	False	2
camponotus_floridanus_NW_020229320.1:160050-170050	144	True	9
camponotus_floridanus_NW_020229320.1:288560-297076	144	False	9
camponotus_floridanus_NW_020229343.1:37685-47685	144	False	9
camponotus_floridanus_NW_020229345.1:16700-26700	144	False	9
camponotus_floridanus_NW_020229451.1:18953-28953	144	False	9
camponotus_floridanus_NW_020229499.1:0-8601	144	False	9
camponotus_floridanus_NW_020229537.1:0-3430	144	False	9
camponotus_floridanus_NW_020229629.1:34507-40708	144	False	9
camponotus_floridanus_NW_020229813.1:0-7337	144	False	9
camponotus_floridanus_NW_020229320.1:218590-228590	145	True	3
camponotus_floridanus_NW_020229454.1:108344-116311	145	False	3
camponotus_floridanus_NW_020229567.1:0-2374	145	False	3
camponotus_floridanus_NW_020229320.1:229496-239496	146	True	6
camponotus_floridanus_NW_020229320.1:227847-237847	146	False	6
camponotus_floridanus_NW_020229352.1:0-905	146	False	6
camponotus_floridanus_NW_020229605.1:0-1888	146	False	6
camponotus_floridanus_NW_020229679.1:28191-29567	146	False	6
camponotus_floridanus_NW_020229821.1:0-1004	146	False	6
camponotus_floridanus_NW_020229320.1:238753-248753	147	True	2
camponotus_floridanus_NW_020229320.1:237087-247087	147	False	2
camponotus_floridanus_NW_020229320.1:278749-288749	149	True	2
camponotus_floridanus_NW_020229320.1:277699-287699	149	False	2
camponotus_floridanus_NW_020229332.1:14755-24755	153	True	2
camponotus_floridanus_NW_020229588.1:51275-53105	153	False	2
camponotus_floridanus_NW_020229345.1:5839-15839	159	True	3
camponotus_floridanus_NW_020229571.1:85281-90815	159	False	3
camponotus_floridanus_NW_020229683.1:0-6089	159	False	3
camponotus_floridanus_NW_020229352.1:1811-11811	162	True	3
camponotus_floridanus_NW_020229474.1:0-4096	162	False	3
camponotus_floridanus_NW_020229821.1:1910-11416	162	False	3
camponotus_floridanus_NW_020229357.1:181226-191226	163	True	2
camponotus_floridanus_NW_020229535.1:0-8511	163	False	2
camponotus_floridanus_NW_020229252.1:455504-461608	166	False	2
camponotus_floridanus_NW_020229362.1:99215-109215	166	True	2
camponotus_floridanus_NW_020229378.1:159102-169102	168	True	4
camponotus_floridanus_NW_020229378.1:176782-186782	168	False	4
camponotus_floridanus_NW_020229499.1:64050-74050	168	False	4
camponotus_floridanus_NW_020229650.1:27769-35015	168	False	4
camponotus_floridanus_NW_020229378.1:165876-175876	169	True	5
camponotus_floridanus_NW_020229461.1:73462-83462	169	False	5
camponotus_floridanus_NW_020229499.1:74956-84956	169	False	5
camponotus_floridanus_NW_020229567.1:3280-13280	169	False	5
camponotus_floridanus_NW_020229665.1:4569-14569	169	False	5
camponotus_floridanus_NW_020229383.1:110438-120438	171	True	3
camponotus_floridanus_NW_020229546.1:30213-40213	171	False	3
camponotus_floridanus_NW_020229683.1:6995-16995	171	False	3
camponotus_floridanus_NW_020229383.1:90561-100561	175	True	2
camponotus_floridanus_NW_020229691.1:0-2705	175	False	2
camponotus_floridanus_NW_020229409.1:4419-14419	178	True	2
camponotus_floridanus_NW_020229813.1:8198-12897	178	False	2
camponotus_floridanus_NW_020229431.1:9267-19267	185	True	2
camponotus_floridanus_NW_020229465.1:2797-12797	185	False	2
camponotus_floridanus_NW_020229451.1:29814-39814	186	True	4
cyphomyrmex_costatus_NW_017278716.1:1980-11980	186	False	4
cyphomyrmex_costatus_NW_017278716.1:2025-12025	186	False	4
diachasma_alloeum_NW_021680450.1:33211-43211	186	False	4
camponotus_floridanus_NW_020229451.1:68895-78895	188	True	5
cyphomyrmex_costatus_NW_017275977.1:6138-16138	188	False	5
diachasma_alloeum_NW_021681102.1:6891-16891	188	False	5
odontomachus_brunneus_NW_022639654.1:561960-569495	188	False	5
odontomachus_brunneus_NW_022639758.1:57016-67016	188	False	5
camponotus_floridanus_NW_020229343.1:0-8316	189	False	6
camponotus_floridanus_NW_020229454.1:97549-107549	189	True	6
camponotus_floridanus_NW_020229515.1:55630-65630	189	False	6
camponotus_floridanus_NW_020229568.1:7890-17890	189	False	6
camponotus_floridanus_NW_020229605.1:60681-69855	189	False	6
camponotus_floridanus_NW_020229645.1:252-10252	189	False	6
camponotus_floridanus_NW_020229461.1:99075-109075	190	True	2
camponotus_floridanus_NW_020229701.1:2098-12098	190	False	2
camponotus_floridanus_NW_020229461.1:46268-56268	191	True	2
camponotus_floridanus_NW_020229665.1:0-3663	191	False	2
camponotus_floridanus_NW_020229468.1:12391-22391	195	True	2
solenopsis_invicta_NW_024105298.1:0-27	195	False	2
camponotus_floridanus_NW_020229588.1:12404-22404	233	True	3
camponotus_floridanus_NW_020229615.1:33712-43712	233	False	3
camponotus_floridanus_NW_020229651.1:1712-11712	233	False	3
cephus_cinctus_NW_014332969.1:2923-12923	263	True	3
cephus_cinctus_NW_014333126.1:0-53	263	False	3
habropoda_laboriosa_NW_017102571.1:0-18	263	False	3
cinara_cedri_CABPRJ010000965.1:915815-925815	271	True	2
cinara_cedri_CABPRJ010001327.1:584-686	271	False	2
culex_pipiens_pallens_NW_024109004.1:555840-565840	277	True	7
culex_pipiens_pallens_NW_024109077.1:824923-834923	277	False	7
culex_pipiens_pallens_NW_024109200.1:0-666	277	False	7
culex_pipiens_pallens_NW_024109200.1:2385-12385	277	False	7
culex_pipiens_pallens_NW_024109334.1:363633-373633	277	False	7
culex_pipiens_pallens_NW_024110117.1:0-635	277	False	7
culex_pipiens_pallens_NW_024110117.1:2354-12354	277	False	7
cyphomyrmex_costatus_NW_017275161.1:35988-45988	298	True	2
cyphomyrmex_costatus_NW_017275161.1:36045-46045	298	False	2
cyphomyrmex_costatus_NW_017275161.1:48028-58028	299	True	2
cyphomyrmex_costatus_NW_017275161.1:47308-57308	299	False	2
cyphomyrmex_costatus_NW_017278716.1:13945-23945	318	True	2
cyphomyrmex_costatus_NW_017278716.1:14005-24005	318	False	2
cyphomyrmex_costatus_NW_017279637.1:9477-19477	324	True	2
cyphomyrmex_costatus_NW_017280575.1:11195-21195	324	False	2
diachasma_alloeum_NW_021680380.1:312720-322720	335	True	2
diachasma_alloeum_NW_021681046.1:176847-177730	335	False	2
diachasma_alloeum_NW_021680423.1:83559-93559	342	True	2
diachasma_alloeum_NW_021680496.1:596739-597517	342	False	2
diachasma_alloeum_NW_021680450.1:44780-54780	347	True	2
diachasma_alloeum_NW_021683279.1:9567-9712	347	False	2
diachasma_alloeum_NW_021680662.1:34349-44349	368	True	3
diachasma_alloeum_NW_021683279.1:0-8040	368	False	3
diachasma_alloeum_NW_021683358.1:21597-22767	368	False	3
diachasma_alloeum_NW_021680700.1:29015-39015	370	True	2
diachasma_alloeum_NW_021682799.1:0-1662	370	False	2
habropoda_laboriosa_NW_017100133.1:26348-36348	413	True	2
habropoda_laboriosa_NW_017100133.1:27086-37086	413	False	2
habropoda_laboriosa_NW_017100133.1:37869-47869	414	True	3
habropoda_laboriosa_NW_017100133.1:38019-48019	414	False	3
habropoda_laboriosa_NW_017102571.1:2016-3214	414	False	3
habropoda_laboriosa_NW_017100283.1:36059-46059	421	True	2
habropoda_laboriosa_NW_017100814.1:114048-116698	421	False	2
harpegnathos_saltator_NW_020229876.1:0-2711	431	False	2
harpegnathos_saltator_NW_020229876.1:32813-42813	431	True	2
harpegnathos_saltator_NW_020229899.1:222600-232600	433	True	5
harpegnathos_saltator_NW_020230004.1:242133-243816	433	False	5
harpegnathos_saltator_NW_020230200.1:235724-236568	433	False	5
harpegnathos_saltator_NW_020230579.1:52106-53639	433	False	5
harpegnathos_saltator_NW_020230611.1:76747-77231	433	False	5
harpegnathos_saltator_NW_020229917.1:686739-696739	435	True	3
harpegnathos_saltator_NW_020230463.1:14445-17647	435	False	3
harpegnathos_saltator_NW_020230484.1:27864-30417	435	False	3
harpegnathos_saltator_NW_020229917.1:698425-708425	436	True	7
harpegnathos_saltator_NW_020230125.1:0-3721	436	False	7
harpegnathos_saltator_NW_020230484.1:26724-30417	436	False	7
harpegnathos_saltator_NW_020230579.1:0-2989	436	False	7
harpegnathos_saltator_NW_020230579.1:0-3067	436	False	7
harpegnathos_saltator_NW_020230603.1:0-1541	436	False	7
harpegnathos_saltator_NW_020230623.1:40807-44079	436	False	7
harpegnathos_saltator_NW_020229932.1:16409-26409	439	True	4
harpegnathos_saltator_NW_020229932.1:17294-27294	439	False	4
harpegnathos_saltator_NW_020230560.1:675710-678664	439	False	4
harpegnathos_saltator_NW_020230577.1:0-1553	439	False	4
harpegnathos_saltator_NW_020229932.1:27708-37708	440	True	15
harpegnathos_saltator_NW_020229932.1:28029-38029	440	False	15
harpegnathos_saltator_NW_020229972.1:0-1697	440	False	15
harpegnathos_saltator_NW_020229972.1:0-2018	440	False	15
harpegnathos_saltator_NW_020230032.1:124979-128733	440	False	15
harpegnathos_saltator_NW_020230032.1:125300-128733	440	False	15
harpegnathos_saltator_NW_020230212.1:147994-151580	440	False	15
harpegnathos_saltator_NW_020230229.1:181529-186793	440	False	15
harpegnathos_saltator_NW_020230369.1:0-6891	440	False	15
harpegnathos_saltator_NW_020230500.1:38543-42440	440	False	15
harpegnathos_saltator_NW_020230607.1:119681-122456	440	False	15
harpegnathos_saltator_NW_020230607.1:120002-122456	440	False	15
harpegnathos_saltator_NW_020230643.1:0-3047	440	False	15
harpegnathos_saltator_NW_020230700.1:1585715-1590046	440	False	15
harpegnathos_saltator_NW_020230700.1:1586036-1590046	440	False	15
harpegnathos_saltator_NW_020229932.1:9446-19446	441	True	3
harpegnathos_saltator_NW_020229960.1:0-2596	441	False	3
harpegnathos_saltator_NW_020230076.1:0-1442	441	False	3
harpegnathos_saltator_NW_020229937.1:16693-26693	443	True	3
harpegnathos_saltator_NW_020229937.1:18247-28247	443	False	3
harpegnathos_saltator_NW_020229937.1:28862-38862	443	False	3
harpegnathos_saltator_NW_020229946.1:1149537-1159537	445	True	3
harpegnathos_saltator_NW_020229960.1:4057-14057	445	False	3
harpegnathos_saltator_NW_020230076.1:2903-12903	445	False	3
harpegnathos_saltator_NW_020229948.1:665804-675804	446	True	2
harpegnathos_saltator_NW_020230621.1:0-1853	446	False	2
harpegnathos_saltator_NW_020229972.1:2426-12426	448	True	9
harpegnathos_saltator_NW_020229972.1:3446-13446	448	False	9
harpegnathos_saltator_NW_020229995.1:145604-153584	448	False	9
harpegnathos_saltator_NW_020229995.1:146657-153584	448	False	9
harpegnathos_saltator_NW_020230076.1:0-2495	448	False	9
harpegnathos_saltator_NW_020230144.1:0-1427	448	False	9
harpegnathos_saltator_NW_020230369.1:8352-15863	448	False	9
harpegnathos_saltator_NW_020230418.1:0-2780	448	False	9
harpegnathos_saltator_NW_020230560.1:674657-678664	448	False	9
harpegnathos_saltator_NW_020229995.1:134875-144875	451	True	5
harpegnathos_saltator_NW_020229995.1:135196-145196	451	False	5
harpegnathos_saltator_NW_020230163.1:306820-313191	451	False	5
harpegnathos_saltator_NW_020230163.1:307141-313191	451	False	5
harpegnathos_saltator_NW_020230224.1:11469-18143	451	False	5
harpegnathos_saltator_NW_020230004.1:232453-242453	453	True	3
harpegnathos_saltator_NW_020230004.1:231644-241644	453	False	3
harpegnathos_saltator_NW_020230119.1:0-3859	453	False	3
harpegnathos_saltator_NW_020230032.1:113518-123518	456	True	2
harpegnathos_saltator_NW_020230032.1:114571-124571	456	False	2
harpegnathos_saltator_NW_020230045.1:577-10577	457	True	9
harpegnathos_saltator_NW_020230075.1:100191-105200	457	False	9
harpegnathos_saltator_NW_020230166.1:267092-277092	457	False	9
harpegnathos_saltator_NW_020230318.1:0-4769	457	False	9
harpegnathos_saltator_NW_020230338.1:0-4915	457	False	9
harpegnathos_saltator_NW_020230463.1:2867-12867	457	False	9
harpegnathos_saltator_NW_020230484.1:15974-25974	457	False	9
harpegnathos_saltator_NW_020230484.1:16178-26178	457	False	9
harpegnathos_saltator_NW_020230519.1:150870-160870	457	False	9
harpegnathos_saltator_NW_020230053.1:30743-40743	462	True	4
harpegnathos_saltator_NW_020230104.1:5484-14346	462	False	4
harpegnathos_saltator_NW_020230159.1:19374-29374	462	False	4
harpegnathos_saltator_NW_020230551.1:125994-135994	462	False	4
harpegnathos_saltator_NW_020230066.1:1220-11220	465	True	6
harpegnathos_saltator_NW_020230140.1:66715-76715	465	False	6
harpegnathos_saltator_NW_020230150.1:2922-12922	465	False	6
harpegnathos_saltator_NW_020230316.1:858464-868464	465	False	6
harpegnathos_saltator_NW_020230394.1:36179-45620	465	False	6
harpegnathos_saltator_NW_020230461.1:0-8868	465	False	6
harpegnathos_saltator_NW_020230068.1:196413-206413	467	True	2
harpegnathos_saltator_NW_020230291.1:0-1476	467	False	2
harpegnathos_saltator_NW_020229932.1:0-7979	472	False	9
harpegnathos_saltator_NW_020230076.1:3224-13224	472	True	9
harpegnathos_saltator_NW_020230144.1:2156-12156	472	False	9
harpegnathos_saltator_NW_020230176.1:14277-24277	472	False	9
harpegnathos_saltator_NW_020230176.1:13962-23962	472	False	9
harpegnathos_saltator_NW_020230411.1:38367-48367	472	False	9
harpegnathos_saltator_NW_020230560.1:663928-673928	472	False	9
harpegnathos_saltator_NW_020230560.1:664249-674249	472	False	9
harpegnathos_saltator_NW_020230577.1:3014-13014	472	False	9
harpegnathos_saltator_NW_020230098.1:86947-96947	474	True	2
harpegnathos_saltator_NW_020230571.1:0-1643	474	False	2
harpegnathos_saltator_NW_020230140.1:78173-88173	478	True	2
harpegnathos_saltator_NW_020230150.1:0-2196	478	False	2
harpegnathos_saltator_NW_020230104.1:0-4146	479	False	3
harpegnathos_saltator_NW_020230159.1:30058-40058	479	True	3
harpegnathos_saltator_NW_020230571.1:0-2375	479	False	3
harpegnathos_saltator_NW_020230163.1:295359-305359	480	True	2
harpegnathos_saltator_NW_020230163.1:296412-306412	480	False	2
harpegnathos_saltator_NW_020230176.1:2816-12816	484	True	2
harpegnathos_saltator_NW_020230176.1:3017-13017	484	False	2
harpegnathos_saltator_NW_020230195.1:63437-73437	487	True	2
harpegnathos_saltator_NW_020230399.1:0-3148	487	False	2
harpegnathos_saltator_NW_020230195.1:74163-84163	488	True	2
harpegnathos_saltator_NW_020230399.1:3877-13877	488	False	2
harpegnathos_saltator_NW_020230206.1:201875-211875	490	True	2
harpegnathos_saltator_NW_020230519.1:170989-180989	490	False	2
harpegnathos_saltator_NW_020230292.1:34281-44281	499	True	2
harpegnathos_saltator_NW_020230292.1:35499-45499	499	False	2
harpegnathos_saltator_NW_020230253.1:91982-93940	500	False	2
harpegnathos_saltator_NW_020230314.1:1223-11223	500	True	2
harpegnathos_saltator_NW_020230316.1:119982-129982	503	True	2
harpegnathos_saltator_NW_020230316.1:120303-130303	503	False	2
harpegnathos_saltator_NW_020230316.1:130711-140711	504	True	2
harpegnathos_saltator_NW_020230316.1:131764-141764	504	False	2
harpegnathos_saltator_NW_020230345.1:192594-202594	510	True	2
harpegnathos_saltator_NW_020230345.1:193008-203008	510	False	2
harpegnathos_saltator_NW_020230345.1:204322-214322	511	True	2
harpegnathos_saltator_NW_020230345.1:203929-213929	511	False	2
harpegnathos_saltator_NW_020230066.1:0-533	513	False	2
harpegnathos_saltator_NW_020230394.1:25561-35561	513	True	2
harpegnathos_saltator_NW_020230402.1:7758-17758	514	True	2
harpegnathos_saltator_NW_020230610.1:23314-33314	514	False	2
harpegnathos_saltator_NW_020230418.1:3509-13509	518	True	2
harpegnathos_saltator_NW_020230665.1:0-8536	518	False	2
harpegnathos_saltator_NW_020230528.1:733300-743300	532	True	2
harpegnathos_saltator_NW_020230528.1:734356-744356	532	False	2
harpegnathos_saltator_NW_020230528.1:744764-754764	533	True	2
harpegnathos_saltator_NW_020230528.1:745085-755085	533	False	2
harpegnathos_saltator_NW_020230556.1:90026-100026	534	True	2
harpegnathos_saltator_NW_020230556.1:89735-99735	534	False	2
harpegnathos_saltator_NW_020230556.1:100965-110965	535	True	2
harpegnathos_saltator_NW_020230556.1:101226-111226	535	False	2
harpegnathos_saltator_NW_020230571.1:2981-12981	536	True	2
harpegnathos_saltator_NW_020230571.1:3059-13059	536	False	2
harpegnathos_saltator_NW_020230579.1:3541-13541	537	True	2
harpegnathos_saltator_NW_020230579.1:4759-14759	537	False	2
harpegnathos_saltator_NW_020230607.1:108220-118220	546	True	2
harpegnathos_saltator_NW_020230607.1:109273-119273	546	False	2
harpegnathos_saltator_NW_020230402.1:0-6360	547	False	2
harpegnathos_saltator_NW_020230610.1:34712-44712	547	True	2
harpegnathos_saltator_NW_020230700.1:1574254-1584254	555	True	2
harpegnathos_saltator_NW_020230700.1:1575307-1585307	555	False	2
monomorium_pharaonis_NC_050467.1:14762713-14772713	564	True	3
monomorium_pharaonis_NC_050467.1:7398601-7408601	564	False	3
monomorium_pharaonis_NC_050468.1:28958272-28968272	564	False	3
monomorium_pharaonis_NC_050467.1:15387721-15397721	566	True	10
monomorium_pharaonis_NC_050467.1:15449573-15459573	566	False	10
monomorium_pharaonis_NC_050469.1:16869507-16879507	566	False	10
monomorium_pharaonis_NC_050473.1:23068163-23078163	566	False	10
monomorium_pharaonis_NC_050473.1:23069441-23079441	566	False	10
monomorium_pharaonis_NC_050475.1:9476739-9486739	566	False	10
monomorium_pharaonis_NW_023415643.1:75316-84437	566	False	10
monomorium_pharaonis_NW_023415798.1:0-9071	566	False	10
monomorium_pharaonis_NW_023415834.1:56134-66134	566	False	10
monomorium_pharaonis_NW_023415910.1:6946-16946	566	False	10
monomorium_pharaonis_NC_050467.1:15399533-15409533	567	True	2
monomorium_pharaonis_NW_023415910.1:0-5137	567	False	2
monomorium_pharaonis_NC_050467.1:33746322-33756322	574	True	2
monomorium_pharaonis_NC_050467.1:33747654-33757654	574	False	2
monomorium_pharaonis_NC_050467.1:33759604-33769604	575	True	2
monomorium_pharaonis_NW_023415798.1:10727-20727	575	False	2
monomorium_pharaonis_NC_050467.1:7876928-7886928	581	True	2
monomorium_pharaonis_NC_050470.1:19558026-19568026	581	False	2
monomorium_pharaonis_NC_050468.1:26162732-26172732	583	True	3
monomorium_pharaonis_NC_050470.1:13426045-13436045	583	False	3
monomorium_pharaonis_NC_050471.1:15703299-15713299	583	False	3
monomorium_pharaonis_NC_050470.1:19355461-19365461	588	True	2
monomorium_pharaonis_NW_023415500.1:0-3348	588	False	2
monomorium_pharaonis_NC_050472.1:14263687-14273687	596	True	2
monomorium_pharaonis_NC_050472.1:14264956-14274956	596	False	2
monomorium_pharaonis_NC_050472.1:14274803-14284803	597	True	2
monomorium_pharaonis_NC_050472.1:14275448-14285448	597	False	2
monomorium_pharaonis_NC_050473.1:23080287-23090287	598	True	2
monomorium_pharaonis_NC_050473.1:23079954-23089954	598	False	2
monomorium_pharaonis_NW_023415506.1:5219-15219	606	True	3
monomorium_pharaonis_NW_023415506.1:6461-16461	606	False	3
monomorium_pharaonis_NW_023415840.1:0-597	606	False	3
monomorium_pharaonis_NW_023415506.1:17229-27229	607	True	3
monomorium_pharaonis_NW_023415506.1:16947-26947	607	False	3
monomorium_pharaonis_NW_023415840.1:2661-12661	607	False	3
monomorium_pharaonis_NW_023415798.1:33316-43316	610	True	2
monomorium_pharaonis_NW_023415798.1:30503-40503	610	False	2
monomorium_pharaonis_NW_023415798.1:45055-55055	612	True	4
monomorium_pharaonis_NW_023415798.1:57026-65665	612	False	4
monomorium_pharaonis_NW_023415798.1:46336-56336	612	False	4
monomorium_pharaonis_NW_023415798.1:56852-65665	612	False	4
nasonia_vitripennis_NC_045758.1:18185756-18195756	626	True	2
trichomalopsis_sarcophagae_NNAY01027560.1:0-2361	626	False	2
nasonia_vitripennis_NW_022279625.1:9981-19981	660	True	2
nasonia_vitripennis_NW_022279846.1:29125-37341	660	False	2
nasonia_vitripennis_NW_022279630.1:562202-572202	664	True	2
nasonia_vitripennis_NW_022279639.1:1965446-1975446	664	False	2
odontomachus_brunneus_NW_022639451.1:8350558-8360558	693	True	2
odontomachus_brunneus_NW_022639904.1:0-707	693	False	2
odontomachus_brunneus_NW_022639451.1:8371474-8381474	696	True	3
odontomachus_brunneus_NW_022639482.1:0-1971	696	False	3
odontomachus_brunneus_NW_022639833.1:86093-90017	696	False	3
odontomachus_brunneus_NW_022639518.1:9879-19879	710	True	2
odontomachus_brunneus_NW_022639518.1:8356-18356	710	False	2
odontomachus_brunneus_NW_022639620.1:614438-624438	732	True	2
odontomachus_brunneus_NW_022639906.1:40941-41906	732	False	2
odontomachus_brunneus_NW_022639725.1:172950-182950	770	True	2
odontomachus_brunneus_NW_022639725.1:173046-183046	770	False	2
odontomachus_brunneus_NW_022639725.1:183847-193847	771	True	2
odontomachus_brunneus_NW_022639725.1:184810-194810	771	False	2
odontomachus_brunneus_NW_022639779.1:186805-190327	800	False	2
odontomachus_brunneus_NW_022639838.1:20544-30544	800	True	2
ooceraea_biroi_NC_039506.1:11838896-11848896	819	True	2
ooceraea_biroi_NC_039506.1:11837948-11847948	819	False	2
ooceraea_biroi_NC_039509.1:7582966-7592966	829	True	6
ooceraea_biroi_NW_020825081.1:0-6368	829	False	6
ooceraea_biroi_NW_020825140.1:11921-14448	829	False	6
ooceraea_biroi_NW_020825168.1:0-4148	829	False	6
ooceraea_biroi_NW_020825190.1:0-4815	829	False	6
ooceraea_biroi_NW_020825190.1:0-5010	829	False	6
ooceraea_biroi_NC_039511.1:163900-173900	837	True	2
ooceraea_biroi_NC_039511.1:164227-174227	837	False	2
ooceraea_biroi_NC_039511.1:174929-184929	838	True	2
ooceraea_biroi_NC_039511.1:175685-185685	838	False	2
ooceraea_biroi_NC_039511.1:31216-41216	839	True	5
ooceraea_biroi_NW_020825076.1:0-3984	839	False	5
ooceraea_biroi_NW_020825092.1:0-616	839	False	5
ooceraea_biroi_NW_020825107.1:0-1505	839	False	5
ooceraea_biroi_NW_020825138.1:0-3230	839	False	5
ooceraea_biroi_NC_039513.1:2280133-2290133	844	True	2
ooceraea_biroi_NW_020825080.1:11148-21148	844	False	2
ooceraea_biroi_NC_039514.1:5269296-5279296	847	True	2
ooceraea_biroi_NW_020825124.1:383-10383	847	False	2
ooceraea_biroi_NC_039514.1:5280325-5290325	848	True	2
ooceraea_biroi_NW_020825157.1:22263-23853	848	False	2
ooceraea_biroi_NC_039514.1:5378633-5388633	849	True	2
ooceraea_biroi_NC_039514.1:5395960-5405960	849	False	2
ooceraea_biroi_NC_039515.1:9652161-9662161	857	True	2
ooceraea_biroi_NW_020825148.1:0-203	857	False	2
ooceraea_biroi_NC_039515.1:9661333-9671333	859	True	3
ooceraea_biroi_NW_020825153.1:5022-11021	859	False	3
ooceraea_biroi_NW_020825192.1:0-2754	859	False	3
ooceraea_biroi_NW_020825074.1:11728-21728	865	True	2
ooceraea_biroi_NW_020825129.1:0-5836	865	False	2
ooceraea_biroi_NW_020825080.1:22336-32336	866	True	2
ooceraea_biroi_NW_020825080.1:21775-31775	866	False	2
ooceraea_biroi_NW_020825092.1:2461-12461	867	True	2
ooceraea_biroi_NW_020825123.1:0-3121	867	False	2
ooceraea_biroi_NW_020825094.1:11228-21228	868	True	2
ooceraea_biroi_NW_020825153.1:0-2952	868	False	2
ooceraea_biroi_NW_020825123.1:5191-15191	872	True	2
ooceraea_biroi_NW_020825123.1:0-7018	872	False	2
ooceraea_biroi_NW_020825180.1:6803-16803	884	True	2
ooceraea_biroi_NW_020825180.1:7559-17559	884	False	2
ooceraea_biroi_NW_020825190.1:5844-15844	885	True	2
ooceraea_biroi_NW_020825190.1:6009-16009	885	False	2
osmia_lignaria_NW_023009276.1:433371-443371	889	True	2
osmia_lignaria_NW_023009291.1:0-1953	889	False	2
osmia_lignaria_NW_023009291.1:2676-12676	894	True	3
osmia_lignaria_NW_023009314.1:128593-138593	894	False	3
osmia_lignaria_NW_023009315.1:65094-75094	894	False	3
osmia_lignaria_NW_023009300.1:20014-30014	899	True	2
osmia_lignaria_NW_023009332.1:103520-113520	899	False	2
osmia_lignaria_NW_023009300.1:30767-40767	900	True	2
osmia_lignaria_NW_023009332.1:92767-102767	900	False	2
osmia_lignaria_NW_023009307.1:171516-181516	905	True	2
osmia_lignaria_NW_023009350.1:62210-72210	905	False	2
osmia_lignaria_NW_023009330.1:3994-13994	911	True	2
osmia_lignaria_NW_023009381.1:8291-11405	911	False	2
rhopalosiphum_maidis_NC_040877.1:46856241-46866241	919	True	4
rhopalosiphum_maidis_NC_040878.1:35055119-35065119	919	False	4
rhopalosiphum_maidis_NC_040879.1:8453847-8463847	919	False	4
rhopalosiphum_maidis_NC_040880.1:38535854-38545854	919	False	4
rhopalosiphum_maidis_NC_040877.1:92869288-92879288	923	True	2
rhopalosiphum_maidis_NC_040877.1:92892454-92902454	923	False	2
rhopalosiphum_maidis_NC_040877.1:92880501-92890501	924	True	6
rhopalosiphum_maidis_NC_040877.1:94098478-94108478	924	False	6
rhopalosiphum_maidis_NC_040879.1:70379155-70389155	924	False	6
rhopalosiphum_maidis_NC_040879.1:72021675-72031675	924	False	6
rhopalosiphum_maidis_NC_040879.1:72475152-72485152	924	False	6
rhopalosiphum_maidis_NC_040880.1:47121105-47131105	924	False	6
aphis_craccivora_VUJU01008831.1:5610-5991	927	False	2
rhopalosiphum_maidis_NC_040879.1:12076942-12086942	927	True	2
aphis_craccivora_VUJU01014474.1:2096-2162	931	False	4
rhopalosiphum_maidis_NC_040879.1:60708056-60718056	931	True	4
rhopalosiphum_maidis_NC_040879.1:61777533-61787533	931	False	4
rhopalosiphum_maidis_NC_040879.1:75216948-75226948	931	False	4
rhopalosiphum_maidis_NC_040879.1:60719283-60729283	932	True	2
rhopalosiphum_maidis_NC_040879.1:75205172-75215172	932	False	2
solenopsis_invicta_NC_052664.1:10493379-10503379	944	True	3
solenopsis_invicta_NC_052664.1:10505158-10515158	944	False	3
solenopsis_invicta_NC_052664.1:10504962-10514962	944	False	3
solenopsis_invicta_NC_052664.1:1941241-1951241	946	True	12
solenopsis_invicta_NC_052664.1:3023056-3033056	946	False	12
solenopsis_invicta_NC_052665.1:23583799-23593799	946	False	12
solenopsis_invicta_NC_052666.1:10915295-10925295	946	False	12
solenopsis_invicta_NC_052666.1:12250089-12260089	946	False	12
solenopsis_invicta_NC_052669.1:16573340-16583340	946	False	12
solenopsis_invicta_NC_052673.1:5132040-5142040	946	False	12
solenopsis_invicta_NC_052675.1:1081576-1091576	946	False	12
solenopsis_invicta_NC_052676.1:13118432-13128432	946	False	12
solenopsis_invicta_NC_052677.1:2337111-2347111	946	False	12
solenopsis_invicta_NC_052677.1:389377-399377	946	False	12
solenopsis_invicta_NC_052677.1:99811-109811	946	False	12
solenopsis_invicta_NC_052665.1:102259-112259	951	True	2
solenopsis_invicta_NC_052668.1:28235464-28245464	951	False	2
solenopsis_invicta_NC_052665.1:22742703-22752703	953	True	13
solenopsis_invicta_NC_052666.1:11026394-11036394	953	False	13
solenopsis_invicta_NC_052666.1:4003075-4013075	953	False	13
solenopsis_invicta_NC_052667.1:16684563-16694563	953	False	13
solenopsis_invicta_NC_052667.1:18119597-18129597	953	False	13
solenopsis_invicta_NC_052668.1:10420918-10430918	953	False	13
solenopsis_invicta_NC_052668.1:28247240-28257240	953	False	13
solenopsis_invicta_NC_052671.1:24187126-24197126	953	False	13
solenopsis_invicta_NC_052671.1:24306722-24316722	953	False	13
solenopsis_invicta_NC_052671.1:25733564-25743564	953	False	13
solenopsis_invicta_NC_052673.1:164393-174393	953	False	13
solenopsis_invicta_NC_052674.1:12048989-12058989	953	False	13
solenopsis_invicta_NC_052676.1:12347779-12357779	953	False	13
solenopsis_invicta_NC_052666.1:4958264-4968264	965	True	2
solenopsis_invicta_NC_052666.1:4956543-4966543	965	False	2
solenopsis_invicta_NC_052666.1:4968484-4978484	966	True	2
solenopsis_invicta_NC_052666.1:4970434-4980434	966	False	2
solenopsis_invicta_NC_052667.1:16696339-16706339	970	True	2
solenopsis_invicta_NC_052673.1:176169-186169	970	False	2
solenopsis_invicta_NC_052668.1:10432694-10442694	974	True	2
solenopsis_invicta_NC_052674.1:12037213-12047213	974	False	2
solenopsis_invicta_NC_052668.1:480708-490708	977	True	2
solenopsis_invicta_NC_052677.1:7687932-7697932	977	False	2
solenopsis_invicta_NC_052670.1:5310887-5320887	983	True	3
solenopsis_invicta_NW_024105292.1:40218-46047	983	False	3
solenopsis_invicta_NW_024105298.1:1611-11611	983	False	3
solenopsis_invicta_NC_052670.1:5322681-5332681	984	True	2
solenopsis_invicta_NW_024105292.1:28424-38424	984	False	2
solenopsis_invicta_NC_052671.1:19313575-19323575	994	True	4
solenopsis_invicta_NC_052671.1:19311916-19321916	994	False	4
solenopsis_invicta_NC_052671.1:19323704-19333704	994	False	4
solenopsis_invicta_NC_052674.1:13254533-13264533	994	False	4
solenopsis_invicta_NC_052674.1:13266321-13276321	1005	True	2
solenopsis_invicta_NW_024105278.1:0-1920	1005	False	2
solenopsis_invicta_NW_024105270.1:1674-11674	1033	True	2
solenopsis_invicta_NW_024105270.1:26629-36629	1033	False	2
solenopsis_invicta_NW_024105270.1:13465-23465	1034	True	2
solenopsis_invicta_NW_024105270.1:38420-48420	1034	False	2
trachymyrmex_zeteki_NW_017257537.1:70-10070	1051	True	2
trachymyrmex_zeteki_NW_017257537.1:1195-11195	1051	False	2
trichogramma_brassicae_CADCXV010000052.1:6865-16865	1062	True	2
trichogramma_brassicae_CADCXV010000052.1:7258-17258	1062	False	2
trichogramma_brassicae_CADCXV010000358.1:1582-11582	1066	True	2
trichogramma_brassicae_CADCXV010000985.1:8839-18839	1066	False	2
trichogramma_brassicae_CADCXV010000792.1:33924-43924	1070	True	2
trichogramma_brassicae_CADCXV010000792.1:32661-42661	1070	False	2
trichogramma_brassicae_CADCXV010000379.1:8266-11030	1079	False	2
trichogramma_brassicae_CADCXV010001107.1:46315-56315	1079	True	2
trichomalopsis_sarcophagae_NNAY01005563.1:250-10250	1090	True	2
trichomalopsis_sarcophagae_NNAY01005563.1:0-9995	1090	False	2
vespa_mandarinia_NW_023395894.1:92774-102774	1091	True	2
vespa_mandarinia_NW_023396044.1:51985-61985	1091	False	2
vespa_mandarinia_NW_023395894.1:104337-114337	1092	True	23
vespa_mandarinia_NW_023395894.1:105454-115454	1092	False	23
vespa_mandarinia_NW_023395894.1:117017-127017	1092	False	23
vespa_mandarinia_NW_023395894.1:225300-235300	1092	False	23
vespa_mandarinia_NW_023395894.1:16857-26857	1092	False	23
vespa_mandarinia_NW_023395894.1:34317-44317	1092	False	23
vespa_mandarinia_NW_023395894.1:59427-69427	1092	False	23
vespa_mandarinia_NW_023395894.1:60546-70546	1092	False	23
vespa_mandarinia_NW_023395894.1:72109-82109	1092	False	23
vespa_mandarinia_NW_023395894.1:90502-100502	1092	False	23
vespa_mandarinia_NW_023395902.1:16745-26745	1092	False	23
vespa_mandarinia_NW_023395914.1:479359-489359	1092	False	23
vespa_mandarinia_NW_023395951.1:29808-39808	1092	False	23
vespa_mandarinia_NW_023395951.1:53641-63641	1092	False	23
vespa_mandarinia_NW_023395973.1:170489-180489	1092	False	23
vespa_mandarinia_NW_023396008.1:71732-81732	1092	False	23
vespa_mandarinia_NW_023396008.1:86156-96156	1092	False	23
vespa_mandarinia_NW_023396008.1:100580-110580	1092	False	23
vespa_mandarinia_NW_023396039.1:49476-59476	1092	False	23
vespa_mandarinia_NW_023396044.1:27657-37657	1092	False	23
vespa_mandarinia_NW_023396044.1:40422-50422	1092	False	23
vespa_mandarinia_NW_023396044.1:54002-64002	1092	False	23
vespa_mandarinia_NW_023396044.1:73293-83293	1092	False	23
vespa_mandarinia_NW_023395894.1:28420-38420	1094	True	2
vespa_mandarinia_NW_023395894.1:22754-32754	1094	False	2
vespa_mandarinia_NW_023395902.1:28302-38302	1097	True	2
vespa_mandarinia_NW_023395914.1:467796-477796	1097	False	2
vespa_mandarinia_NW_023395985.1:37304-47304	1103	True	3
vespa_mandarinia_NW_023395985.1:62837-72837	1103	False	3
vespa_mandarinia_NW_023396016.1:78808-88808	1103	False	3
vespa_mandarinia_NW_023395985.1:51268-61268	1105	True	2
vespa_mandarinia_NW_023396016.1:67239-77239	1105	False	2
vespa_mandarinia_NW_023396008.1:60169-70169	1108	True	3
vespa_mandarinia_NW_023396008.1:74593-84593	1108	False	3
vespa_mandarinia_NW_023396008.1:89017-99017	1108	False	3
vespa_mandarinia_NW_023396044.1:65565-75565	1111	True	2
vespa_mandarinia_NW_023396044.1:61730-71730	1111	False	2
bombus_bifarius_NW_022884582.1:0-9544	1118	True	3
bombus_vancouverensis_nearcticus_NW_022881993.1:9408-17749	1118	False	3
bombus_vancouverensis_nearcticus_NW_022881993.1:8817-17749	1118	False	3
habropoda_laboriosa_NW_017100933.1:1758-9271	1143	True	3
habropoda_laboriosa_NW_017105463.1:0-94	1143	False	3
habropoda_laboriosa_NW_017105463.1:2047-4988	1143	False	3
trichogramma_brassicae_CADCXV010000358.1:0-61	1144	False	2
trichogramma_brassicae_CADCXV010000379.1:0-7411	1144	True	2
trichogramma_brassicae_CADCXV010000052.1:0-5338	1162	False	3
trichogramma_brassicae_CADCXV010000052.1:0-6487	1162	True	3
trichogramma_brassicae_CADCXV010001064.1:0-3185	1162	False	3
lasius_niger_LBMM01008064.1:0-5572	1163	False	2
lasius_niger_LBMM01008064.1:0-6400	1163	True	2
tribolium_castaneum_NW_015451025.1:0-6269	1164	True	2
tribolium_castaneum_NW_015452242.1:0-1064	1164	False	2
ooceraea_biroi_NW_020825180.1:0-5603	1168	False	2
ooceraea_biroi_NW_020825180.1:0-6098	1168	True	2
aphis_craccivora_VUJU01008831.1:0-3654	1192	False	3
aphis_craccivora_VUJU01008831.1:0-4542	1192	True	3
aphis_craccivora_VUJU01017063.1:1175-1263	1192	False	3
habropoda_laboriosa_NW_017101288.1:13476-17804	1194	True	2
habropoda_laboriosa_NW_017101288.1:16758-17804	1194	False	2
harpegnathos_saltator_NW_020230292.1:45973-50237	1195	True	2
harpegnathos_saltator_NW_020230292.1:46051-50237	1195	False	2
trachymyrmex_zeteki_NW_017257537.1:12053-14752	1212	False	2
trachymyrmex_zeteki_NW_017257537.1:11891-14752	1212	True	2
lasius_niger_LBMM01008323.1:5032-7613	1218	False	2
lasius_niger_LBMM01009292.1:0-2585	1218	True	2
lasius_niger_LBMM01009292.1:4235-6629	1224	True	2
lasius_niger_LBMM01010657.1:5065-5587	1224	False	2
trichomalopsis_sarcophagae_NNAY01005563.1:11780-13036	1236	True	2
trichomalopsis_sarcophagae_NNAY01005563.1:12044-13036	1236	False	2
lasius_niger_LBMM01008064.1:7567-7907	1241	False	2
lasius_niger_LBMM01008064.1:6898-7907	1241	True	2
lasius_niger_LBMM01011353.1:0-85	1251	False	2
lasius_niger_LBMM01013192.1:3572-4139	1251	True	2
lasius_niger_LBMM01007617.1:8264-8448	1259	False	2
lasius_niger_LBMM01014322.1:3423-3646	1259	True	2
aphis_craccivora_VUJU01013168.1:2661-2721	1266	True	2
aphis_craccivora_VUJU01015497.1:1745-1805	1266	False	2
